Id;Ref;Parent;Label;Identifier;Description;Comment;Global;Category;Owner_fullname;Owner_id;Owner_service;Owner_phone;Owner_email;Maturity;Efficiency;Disabled;Status;Cost;Charge;Date;DateImplementation;Difficulty;Progress
2;;;"I - Entité";;;;;;;;;;;;80;1;;;;;;;0
3;;2;"I.1. Gouvernance & Risk Management";;;;;;;;;;;;80;1;;;;;;;0
4;;3;"Governance and Risk ManagementBaseline Requirements";GRM-01;"Des exigences standards de sécurité conformes aux obligations légales, réglementaires et de conformité, doivent être établies pour les applications développées ou acquises, physiques ou virtuelles, et les composants de système et de réseau d'infrastructure développés ou acquis. Les écarts par rapport aux configurations de base standard doivent être autorisés conformément aux stratégies et procédures de gestion des changements avant le déploiement, le provisionnement ou l'utilisation. La conformité aux exigences standards de sécurité doit être réévaluée au moins une fois par an ou à une fréquence définie et validée par le fournisseur en fonction de ses besoins.";;;;;;;;;;80;;;;;;;;0
5;;3;"Governance and Risk ManagementManagement Program";GRM-04;"Un programme de gestion de la sécurité de l’information doit être élaboré, documenté, approuvé et mis en œuvre, et comprend des mesures de protection administratives, techniques et physiques pour protéger les actifs et les données contre la perte, l’utilisation abusive, l’accès non autorisé, la divulgation, la modification et la destruction. Ce  programme doit inclure, sans toutefois s'y limiter, les domaines suivants dans la mesure où ils sont pertinents pour l'activité  du fournisseur :  • Gestion des risques  • Politique de sécurité  • Organisation de la sécurité de l'information  • Gestion des actifs  • Sécurité des ressources humaines  • Sécurité physique et environnementale  • Gestion des communications et des opérations  • Contrôle d'accès  • Acquisition, développement et maintenance de systèmes d’information";;;;;;;;;;80;;;;;;;;0
6;;3;"Governance and Risk ManagementManagement Support/Involvement";GRM-05;"L’exécutif et la hiérarchie doivent prendre des mesures formelles pour soutenir la sécurité de l’information par une direction et un engagement clairement documentés, et doivent s’assurer que l’action a bien été attribuée.";;;;;;;;;;80;;;;;;;;0
7;;3;"Governance and Risk ManagementPolicy";GRM-06;"La politique de sécurité des systèmes d'information et les procédures de sécurité  doivent être établies et mises à la disposition de tous les membres du personnel concernés et des relations commerciales entre le fournisseur et ses prestataires. Les stratégies de sécurité de l'information doivent être approuvées par les dirigeants de l'entreprise (ou par tout autre autorité responsable) et être étayées par une stratégie d'entreprise et un programme de gestion de la sécurité des informations définissant les rôles et responsabilités en matière de sécurité des informations.";;;;;;;;;;80;;;;;;;;0
8;;3;"Governance and Risk ManagementPolicy Enforcement";GRM-07;"Une politique disciplinaire ou de sanction formelle doit être définie et appliquée pour les employés qui ont violé les politiques et procédures de sécurité. Les employés doivent être informés des mesures qui pourraient être prises en cas de violation, et des mesures disciplinaires doivent être énoncées dans les politiques et procédures.";;;;;;;;;;80;;;;;;;;0
9;;3;"Governance and Risk ManagementPolicy Impact on Risk Assessments";GRM-08;"Les résultats de l'évaluation des risques doivent inclure des mises à jour des politiques, procédures, normes et contrôles de sécurité pour garantir leur pertinence et leur efficacité.";;;;;;;;;;80;;;;;;;;0
10;;3;"Governance and Risk ManagementPolicy Reviews";GRM-09;"La direction de l'entreprise (ou tout autre autorité responsable) doit réviser la politique de sécurité des systèmes d'informations à intervalles planifiés ou à la suite de modifications apportées à l'organisation, afin de s'assurer de son adéquation avec la stratégie de sécurité, de son efficacité, de son exactitude et de sa pertinence vis à vis des obligations légales, statutaires ou réglementaires.";;;;;;;;;;80;;;;;;;;0
11;;3;"Governance and Risk ManagementRisk Assessments";GRM-10;"Des analyses formelles des risques doivent être effectuées en cohérence avec le cadre et le contexte de l'entreprise au moins une fois par an ou à des intervalles planifiés (ainsi que lors de changements apportés aux systèmes d’information) pour déterminer la probabilité et l’impact de tous les risques identifiés, à l’aide de méthodes qualitatives et quantitatives. La probabilité et l’impact associés aux risques actuels et résiduels doivent être déterminés de manière indépendante, en tenant compte de toutes les catégories de risques (par exemple, résultats d’audit, analyse des menaces et des vulnérabilités et conformité aux réglementations).";;;;;;;;;;80;;;;;;;;0
12;;2;"I.2. Audit Assurance & Compliance";;;;;;;;;;;;80;1;;;;;;;0
13;;12;"Audit Assurance & ComplianceAudit Planning";AAC-01;"Des plans d'audit doivent être élaborés et mis à jour pour remédier aux perturbations des processus opérationnels. Les plans d'audit doivent être axés sur l'efficacité de la mise en œuvre des opérations de sécurité. Toutes les activités d'audit doivent être convenues avant l'exécution de tout audit.";;;;;;;;;;80;;;;;;;;0
14;;12;"Audit Assurance & ComplianceIndependent Audits";AAC-02;"Des examens et des évaluations indépendants doivent être effectués au moins une fois par an pour garantir que le fournisseur corrige les non-conformités aux politiques, normes, procédures et obligations de conformité.";;;;;;;;;;80;;;;;;;;0
15;;2;"I.3. Data Security & Information Lifecycle Management";;;;;;;;;;;;80;1;;;;;;;0
16;;15;"Data Security & Information Lifecycle ManagementData Inventory / Flows";DSI-02;"Des politiques de sécurité ainsi que des procédures doivent être établies et des processus techniques et des mesures techniques doivent être mis en place pour répertorier, documenter et gérer les flux de données pour les données transitant (de manière permanente ou temporaire) dans le réseau d’infrastructures et d’applications (physiques et virtuelles) du service, et / ou partagés avec des tiers pour déterminer tout impact sur la conformité réglementaire, statutaire ou relatif aux niveaux de service, et pour faire face aux autres risques métiers sur les données. Sur demande, le fournisseur informera le client de l'impact et des risques liés à la conformité, en particulier si les données du client sont utilisées dans le cadre des services.";;;;;;;;;;80;;;;;;;;0
17;;15;"Data Security & Information Lifecycle ManagementOwnership / Stewardship";DSI-06;"Toutes les données doivent être attribuées à un responsable défini,  dont les responsabilités assignées doivent être définies, documentées et communiquées.";;;;;;;;;;80;;;;;;;;0
18;;15;"Data Security & Information Lifecycle ManagementSecure Disposal";DSI-07;"Les politiques et procédures doivent être établies avec les processus opérationnels et les mesures techniques de soutien mis en place pour la destruction sécurisée et la suppression complète des données de tous les supports de stockage, en s'assurant que les données ne sont pas récupérables par des moyens informatiques informatiques.";;;;;;;;;;80;;;;;;;;0
19;;2;"I.4. Supply Chain Management, Transparency, and Accountability";;;;;;;;;;;;80;1;;;;;;;0
20;;19;"Supply Chain Management, Transparency, and AccountabilityData Quality and Integrity";STA-01;"Les fournisseurs doivent auditer, comptabiliser et collaborer avec leurs partenaires de la chaîne d'approvisionnement dans le cloud pour corriger les erreurs de qualité des données et les risques associés. Les fournisseurs doivent concevoir et mettre en œuvre des contrôles visant à atténuer et à contenir les risques pour la sécurité des données grâce à une séparation appropriée des tâches, à un accès basé sur les rôles et à un accès avec le moindre privilège pour tout le personnel de la chaîne d'approvisionnement.";;;;;;;;;;80;;;;;;;;0
21;;19;"Supply Chain Management, Transparency, and AccountabilityIncident Reporting";STA-02;"Le fournisseur doit mettre les informations sur les incidents de sécurité à la disposition de tous les clients et fournisseurs concernés, périodiquement, par voie électronique (par exemple, par des portails).";;;;;;;;;;80;;;;;;;;0
22;;19;"Supply Chain Management, Transparency, and AccountabilityNetwork / Infrastructure Services";STA-03;"La conception et la configuration des applications et des interfaces système (API) critiques ou ayant un impact (physique ou virtuel) sur le client, ainsi que le réseau d'infrastructures et les composants du système, doivent être  conçus, développés et déployés conformément aux attentes de service et de capacité convenues d'un commun accord, ainsi qu'aux politiques et procédures de gouvernance informatique et de gestion des services.";;;;;;;;;;80;;;;;;;;0
23;;19;"Supply Chain Management, Transparency, and AccountabilityProvider Internal Assessments";STA-04;"Le fournisseur doit procéder à des évaluations internes annuelles de la conformité et de l'efficacité de ses politiques de sécurité, procédures, mesures d'accompagnement et métriques.";;;;;;;;;;80;;;;;;;;0
24;;19;"Supply Chain Management, Transparency, and AccountabilitySupply Chain Agreements";STA-05;"Les accords sur la chaîne d'approvisionnement (par exemple, les accords sur les niveaux de service) entre les fournisseurs et les clients doivent au moins comporter les dispositions et / ou conditions suivantes, convenues d'un commun accord: • Portée de la relation commerciale et des services offerts (par exemple, acquisition, échange et utilisation de données client, jeux de fonctionnalités et fonctionnalités, personnel et infrastructure réseau et composants système pour la prestation de services et le support, rôles et responsabilités du fournisseur et du client et toute relation commerciale sous-traitée ou externalisée, la localisation géographique physique des services hébergés et toute considération connue en matière de conformité réglementaire) • Exigences en matière de sécurité de l’information, principaux points de contact du fournisseur et du client pendant toute la durée de la relation commerciale, ainsi que des références à des processus opérationnels détaillés et de soutien et à des mesures techniques mises en œuvre pour permettre la gouvernance, la gestion des risques, l’assurance et le obligations de conformité réglementaire par toutes les relations commerciales affectées• Notification et / ou pré-autorisation de toute modification contrôlée par le fournisseur avec un impact client  • Notification en temps voulu d'un incident de sécurité (ou d'une violation confirmée) à tous les clients et autres relations commerciales affectées (c'est-à-dire, chaîne d'approvisionnement affectée en amont et en aval) • Évaluation et vérification indépendante de la conformité avec les dispositions et / ou les conditions de l'accord (par exemple, une certification acceptable par l'industrie, un rapport d'audit d'attestation ou des formes d'assurance équivalentes) sans poser de risque commercial inacceptable d'exposition à l'organisation évaluée • Expiration de la relation commerciale et traitement des données du client concernées • API (application to service) de client et exigences d'interopérabilité et de portabilité des données pour le développement d'applications et l'échange d'informations, l'utilisation et la persistance d'intégritée, usage, and integrity persistence";;;;;;;;;;80;;;;;;;;0
25;;19;"Supply Chain Management, Transparency, and AccountabilitySupply Chain Governance Reviews";STA-06;"Les fournisseurs doivent examiner les processus de gestion des risques et de gouvernance de leurs partenaires afin que les pratiques soient cohérentes et harmonisées afin de prendre en compte les risques hérités des autres membres de la chaîne d'approvisionnement Cloud de ce partenaire.";;;;;;;;;;80;;;;;;;;0
26;;19;"Supply Chain Management, Transparency, and AccountabilityThird Party Assessment";STA-08;"Les fournisseurs veillent à une sécurité raisonnable de l’information tout au long de leur chaîne logistique en effectuant un examen annuel. L'examen doit inclure tous les partenaires / fournisseurs tiers sur lesquels repose leur chaîne d'approvisionnement en informations.";;;;;;;;;;80;;;;;;;;0
27;;19;"Supply Chain Management, Transparency, and AccountabilityThird Party Audits";STA-09;"Les fournisseurs de services tiers doivent démontrer qu'ils respectent la sécurité et la confidentialité des informations, le contrôle d'accès, les définitions de service et les accords de niveau de livraison inclus dans les contrats avec des tiers. Les rapports, enregistrements et services de tiers doivent être soumis à un audit et à un examen au moins une fois par an afin de régir et de maintenir la conformité avec les accords de prestation de services.";;;;;;;;;;80;;;;;;;;0
28;;2;"I.5. IdEntité & Access Management";;;;;;;;;;;;80;1;;;;;;;0
29;;28;"IdEntité & Access ManagementAudit Tools Access";IAM-01;"L'accès et l'utilisation des outils d'audit qui interagissent avec les systèmes d'information du fournisseur doivent être séparés de manière appropriée et leur accès doit être restreint afin d'empêcher la divulgation inappropriée et la falsification des données du journal.";;;;;;;;;;80;;;;;;;;0
30;;28;"IdEntité & Access ManagementCredential Lifecycle / Provision Management";IAM-02;"Des politiques de sécurité et des procédures d'accès des utilisateurs doivent être établies et des processus opérationnels et des mesures techniques doivent être mis en place pour assurer la gestion appropriée des identités, des droits et des accès de tous les utilisateurs internes du fournisseur et  du client  disposant d'un accès aux données, aux  interfaces (physiques et virtuelles), au réseau d'infrastructures ou aux composants du système détenus ou gérés par le fournisseur. Ces politiques, procédures, processus et mesures doivent intégrer les éléments suivants: • Procédures, rôles de soutien et responsabilités pour le provisionnement et le déblocage des droits d'accès à un compte d'utilisateur selon la règle du moindre privilège basée sur la fonction du poste (par exemple changements de personnel interne et de personnel occasionnel, accès contrôlé par le client, relations commerciales des fournisseurs ou autres). relations commerciales avec des tiers) • Considérations relatives à l'analyse de rentabilisation pour des niveaux plus élevés d'assurance et de secrets d'authentification multi-facteurs (par exemple, interfaces de gestion, génération de clé, accès distant, séparation des tâches, accès d'urgence, déploiement à grande échelle ou déploiements géographiquement répartis, et redondance du personnel pour les systèmes critiques). )• Segmentation de l'accès aux sessions et aux données dans les architectures multi-locataires par un tiers (par exemple, fournisseur et / ou autre client) • Vérification de la fiabilité de l'identité et interopérabilité du traitement de l'information entre applications (API) et services de traitement de l'information (SSO par exemple). • Gestion du cycle de vie des identifiants de compte de l’instanciation à la révocation • Minimisation ou réutilisation des informations d'identification du compte et / ou du magasin d'identité lorsque cela est possible; • Règles AAA (Authentication, Authorization, Accounting) pour l’accès aux données et aux sessions (par exemple, cryptage et secrets d’authentification forts / multifactoriels, expirables et non partagés). • Autorisations et fonctionnalités de prise en charge pour les clients  contrôlant les règles d'authentification, d'autorisation et de comptabilité (AAA) pour l'accès aux données et aux sessions. • respect des exigences légales, statutaires ou réglementaires applicables en matière de conformité";;;;;;;;;;80;;;;;;;;0
31;;28;"IdEntité & Access ManagementThird Party Access";IAM-07;"L’identification, l’évaluation et la hiérarchisation des risques posés par les processus opérationnels nécessitant un accès tiers aux systèmes d’information et aux données du fournisseur doivent être suivies d’une demande coordonnée des ressources afin de minimiser, surveiller et mesurer la probabilité et l’impact d’un accès non autorisé ou inapproprié. Les contrôles compensatoires issus de l'analyse des risques doivent être mis en place avant de fournir l'accès.";;;;;;;;;;80;;;;;;;;0
32;;28;"IdEntité & Access ManagementUser Access Reviews";IAM-10;"L'accès des utilisateurs doit être autorisé et revalidé à des intervalles planifiés pour déterminer l'adéquation du droit, par la direction de l'entreprise ou tout autre rôle ou fonction commercial responsable, étayés par des preuves démontrant que l'organisation adhère à la règle du moindre privilège basée sur la fonction. Pour les violations d'accès identifiées, la correction doit suivre les stratégies et procédures d'accès établies pour les utilisateurs.";;;;;;;;;;80;;;;;;;;0
33;;2;"I.6. Human Resources";;;;;;;;;;;;80;1;;;;;;;0
34;;33;"Human ResourcesAsset Returns";HRS-01;"En cas de licenciement du personnel et / ou d'expiration des relations commerciales externes, tous les actifs appartenant au fournisseur doivent être restitués dans un délai déterminé.";;;;;;;;;;80;;;;;;;;0
35;;33;"Human ResourcesBackground Screening";HRS-02;"Conformément aux lois, réglementations, règles d'éthique et contraintes contractuelles locales, tous les candidats à l'emploi, les contractants et les tiers seront soumis à une vérification des antécédents proportionnelle à la classification des données, aux exigences du fournisseur et aux risques acceptables.";;;;;;;;;;80;;;;;;;;0
36;;33;"Human ResourcesEmployment Agreements";HRS-03;"Les contrats de travail doivent comporter des dispositions et / ou des conditions relatives au respect des politiques de sécurité et de gouvernance de l’information établies et doivent être signés par le personnel nouvellement embauché ou intégré (par exemple, un employé à temps plein ou à temps partiel ou du personnel occasionnel) avant de permettre l’utilisation du personnel accès aux installations, ressources et actifs du fournisseur.";;;;;;;;;;80;;;;;;;;0
37;;33;"Human ResourcesEmployment Termination";HRS-04;"Les rôles et responsabilités en matière de cessation d'emploi ou de modification des procédures d'emploi doivent être attribués, documentés et communiqués.";;;;;;;;;;80;;;;;;;;0
38;;33;"Human ResourcesRoles / Responsibilities";HRS-07;"Les rôles et responsabilités des contractants, des employés et des utilisateurs tiers doivent être documentés dans la mesure où ils se rapportent aux actifs informationnels et à la sécurité.";;;;;;;;;;80;;;;;;;;0
39;;33;"Human ResourcesUser Responsibility";HRS-10;"Tous les membres du personnel doivent être informés de leurs rôles et responsabilités concernant: • Le maintien de la connaissance et la conformité aux politiques et procédures établies et aux obligations de conformité légales, statutaires ou réglementaires applicables. • Le maintien d'un environnement de travail sûr et sécurisé.";;;;;;;;;;80;;;;;;;;0
40;;33;"Human ResourcesWorkspace";HRS-11;"Des politiques de sécurité et procédures doivent être établies pour exiger que les documents sensibles des espaces de travail non surveillés ne soient pas clairement visibles (par exemple, sur un bureau) et les sessions informatiques des utilisateurs sont désactivées après une période d'inactivité établie.";;;;;;;;;;80;;;;;;;;0
41;;2;"I.7. Application & Interface Security";;;;;;;;;;;;80;1;;;;;;;0
42;;41;"Application & Interface SecurityCustomer Access Requirements";AIS-02;"Avant d'accorder aux clients l'accès aux données, aux actifs ou aux systèmes d'information, il convient de prendre en compte les exigences de sécurité, contractuelles et réglementaires identifiées.";;;;;;;;;;80;;;;;;;;0
43;;41;"Application & Interface SecurityData Security / Integrity";AIS-04;"Des politiques de sécurité et des procédures doivent être établies et maintenues à l'appui de la sécurité des données afin d'inclure le CIA (confidentialité, intégrité et disponibilité) entre plusieurs interfaces système, juridictions et fonctions commerciales afin d'empêcher toute divulgation, modification ou destruction non conforme.";;;;;;;;;;80;;;;;;;;0
44;;2;"I.8. Interoperability & Portability";;;;;;;;;;;;80;1;;;;;;;0
45;;44;"Interoperability & PortabilityAPIs";IPY-01;"Le fournisseur doit utiliser des API ouvertes et publiées pour assurer la prise en charge de l'interopérabilité entre les composants et faciliter la migration des applications.";;;;;;;;;;80;;;;;;;;0
46;;44;"Interoperability & PortabilityPolicy & Legal";IPY-03;"Des politiques, procédures et dispositions et / ou conditions convenues d'un commun accord doivent être établies pour satisfaire les exigences du client en matière d'interopérabilité de service-à-service (API) et de traitement de l'information, ainsi que la portabilité pour le développement et l'échange d'informations, l'utilisation, et persistance d'intégrité.";;;;;;;;;;80;;;;;;;;0
47;;44;"Interoperability & PortabilityStandardized Network Protocols";IPY-04;"Le fournisseur doit utiliser des protocoles de réseau normalisés sécurisés (par exemple du texte chiffré et authentifié) pour l'importation et l'exportation de données et la gestion du service, et met à la disposition du client un document détaillant les normes d'interopérabilité et de portabilité pertinentes qui sont impliquées.";;;;;;;;;;80;;;;;;;;0
48;;44;"Interoperability & PortabilityVirtualization";IPY-05;"Le fournisseur doit utiliser une plate-forme de virtualisation reconnue par l'industrie et des formats de virtualisation standard (par exemple, OVF) pour assurer l'interopérabilité. Il doit également documenter les modifications personnalisées apportées à tout hyperviseur utilisé et tous les points d'ancrage de virtualisation spécifiques à la solution disponibles pour la révision par le client.";;;;;;;;;;80;;;;;;;;0
49;;2;"I.9. Change Control & Configuration Management";;;;;;;;;;;;80;1;;;;;;;0
50;;49;"Change Control & Configuration ManagementNew Development / Acquisition";CCC-01;"Des politiques de sécurité et des procédures doivent être établies et les processus opérationnels et les mesures techniques doivent être mis en place pour garantir le développement et / ou l'acquisition de nouvelles données, d'applications physiques ou virtuelles, de réseaux d'infrastructure et de composants systèmes, ou de tout centre de données, d'exploitation ou de données et/ou les installations qui ont été autorisées par la direction de l'entreprise ou par un autre rôle ou fonction responsable.";;;;;;;;;;80;;;;;;;;0
51;;49;"Change Control & Configuration ManagementProduction Changes";CCC-05;"Des politiques et procédures doivent être établies pour gérer les risques associés aux modifications de : • La conception et la configuration des interfaces système-système (API) critiques pour le métier et ayant un impact (physique ou virtuel) pour le client • Le réseau d'infrastructure et les composants du systèmeDes mesures techniques doivent être mises en œuvre pour garantir que tous les changements correspondent directement à une demande de changement enregistrée, critique pour le fournisseur ou le client, et / ou à l'autorisation du client conformément au contrat (SLA) avant le déploiement.";;;;;;;;;;80;;;;;;;;0
52;;2;"I.10. Mobile Security";;;;;;;;;;;;80;1;;;;;;;0
53;;52;"Mobile SecurityAnti-Malware";MOS-01;"Une formation de sensibilisation aux logiciels malveillants spécifique aux appareils mobiles, doit être incluse dans la formation de sensibilisation à la sécurité des informations du fournisseur.";;;;;;;;;;80;;;;;;;;0
54;;52;"Mobile SecurityApplication Stores";MOS-02;"Une liste documentée de recueil d'applications approuvées a été définie comme acceptable pour les appareils mobiles accédant ou stockant les données gérées par le fournisseur.";;;;;;;;;;80;;;;;;;;0
55;;52;"Mobile SecurityApproved Applications";MOS-03;"Le fournisseur doit disposer d'une politique documentée interdisant l'installation d'applications non approuvées ou approuvées non obtenues via un recueil d'applications pré-identifié.";;;;;;;;;;80;;;;;;;;0
56;;52;"Mobile SecurityAwareness and Training";MOS-05;"Le fournisseur doit disposer d'une stratégie documentée pour les appareils mobiles comprenant une définition documentée des appareils mobiles ainsi que l'utilisation et les exigences acceptables pour tous les appareils mobiles. Le fournisseur doit afficher et communiquer la politique et les exigences par le biais du programme de formation et de sensibilisation à la sécurité de l'entreprise.";;;;;;;;;;80;;;;;;;;0
57;;2;"I.11. Infrastructure & Virtualization Security";;;;;;;;;;;;80;1;;;;;;;0
58;;57;"Infrastructure & Virtualization SecurityChange Detection";IVS-02;"Le fournisseur doit garantir l'intégrité de toutes les images de la machine virtuelle à tout moment. Toute modification apportée aux images de la machine virtuelle doit être consignée et une alerte déclenchée quel que soit l'état de leur exécution (en attente, en veille ou en cours d'exécution, par exemple). Les résultats d'un changement ou d'un déplacement d'une image, ainsi que de la validation ultérieure de l'intégrité de l'image, doivent être immédiatement disponibles pour les clients par le biais de méthodes électroniques (portails, alertes, etc.).";;;;;;;;;;80;;;;;;;;0
59;;57;"Infrastructure & Virtualization SecurityInformation System Documentation";IVS-04;"La disponibilité, la qualité, ainsi que les capacités et ressources adéquates, doivent être planifiées, préparées et mesurées de manière à fournir les performances système requises, conformément aux obligations légales, statutaires et réglementaires en matière de conformité. Des projections des futurs besoins en capacité doivent être faites pour atténuer le risque de surcharge du système.";;;;;;;;;;80;;;;;;;;0
60;;57;"Infrastructure & Virtualization SecuritySegmentation";IVS-09;"Les applications (physiques et virtuels) multi-tenant,  appartenant à, ou gérées par le fournisseur, ainsi que les composants de système et de réseau d'infrastructure, doivent être conçus, développés, déployés et configurés de manière à ce que l'accès des utilisateurs fournisseurs et clients soit segmenté de manière appropriée par rapport aux autres utilisateurs locataires, sur la base des considérations suivantes: • Politiques et procédures établies • Isolement des ressources critiques de l'entreprise et / ou des données utilisateur sensibles, et sessions nécessitant des contrôles internes plus stricts et des niveaux d'assurance élevés • Respect des obligations légales, statutaires et réglementaires";;;;;;;;;;80;;;;;;;;0
61;;57;"Infrastructure & Virtualization SecurityHypervisor Hardening";IVS-11;"L'accès à toutes les fonctions de gestion d'hyperviseur ou aux consoles d'administration pour les systèmes hébergeant des systèmes virtualisés doit être réservé au personnel sur la base du principe de moindre privilège et pris en charge par des contrôles techniques (par exemple, authentification à deux facteurs, pistes d'audit, filtrage d'adresses IP, pare-feu et communications TLS encapsulées vers les consoles administratives).";;;;;;;;;;80;;;;;;;;0
62;;2;"I.12. Datacenter Security";;;;;;;;;;;;80;1;;;;;;;0
63;;62;"Datacenter SecurityAsset Management";DCS-01;"Les actifs doivent être classés en fonction de la criticité pour l'entreprise, des attentes en matière de niveau de service et des exigences de continuité des opérations. Un inventaire complet des actifs critiques situés sur tous les sites (y compris géographiques) et de leur utilisation au fil du temps doit être mis à jour et maintenu à jour régulièrement, ainsi qu'un droit de propriété défini par des rôles et des responsabilités bien définis.";;;;;;;;;;80;;;;;;;;0
64;;62;"Datacenter SecurityControlled Access Points";DCS-02;"Des périmètres de sécurité physiques (clôtures, murs, barrières, protecteurs, portails, surveillance électronique, mécanismes d'authentification physique, guichets de réception et patrouilles de sécurité, par exemple) doivent être mis en place pour protéger les données et les systèmes d'informations sensibles.";;;;;;;;;;80;;;;;;;;0
65;;62;"Datacenter SecurityEquipment Identification";DCS-03;"L’identification automatique des équipements doit être utilisée comme méthode d’authentification de la connexion. Des technologies tenant compte de l'emplacement peuvent être utilisées pour valider l'intégrité de l'authentification de connexion en fonction de l'emplacement connu de l'équipement.";;;;;;;;;;80;;;;;;;;0
66;;62;"Datacenter SecurityOff-Site Equipment";DCS-05;"Des politiques et procédures doivent être établies pour l'élimination sécurisée des équipements (par type d'actif) utilisés en dehors des locaux de l'organisation. Cela doit inclure une solution de formattage de disques durs ou un processus de destruction rendant impossible la récupération des informations. L'effacement doit consister en un écrasement complet du lecteur afin de garantir que le lecteur effacé est libéré dans l'inventaire pour être réutilisé et déployé, ou stocké de manière sécurisée jusqu'à ce qu'il puisse être détruit.";;;;;;;;;;80;;;;;;;;0
67;;62;"Datacenter SecurityPolicy";DCS-06;"Des politiques de sécurité et procédures doivent être établies et des processus opérationnels de support mis en place pour maintenir un environnement de travail sûr et sécurisé dans les bureaux, les salles, les installations et les zones sécurisées stockant des informations sensibles.";;;;;;;;;;80;;;;;;;;0
68;;62;"Datacenter SecurityUser Access";DCS-09;"L'accès physique aux actifs et aux fonctions d'information des utilisateurs et du personnel de support doit être limité.";;;;;;;;;;80;;;;;;;;0
69;;2;"I.13. Security Incident Management, E-Discovery, & Cloud Forensics";;;;;;;;;;;;80;1;;;;;;;0
70;;69;"Security Incident Management, E-Discovery, & Cloud ForensicsContact / Authority Maintenance";SEF-01;"Les points de contact des autorités de régulation concernées, des forces de l'ordre nationales et locales et des autres autorités juridictionnelles légales doivent être maintenus et régulièrement mis à jour (par exemple en cas de modification du périmètre concerné et / ou modification de toute obligation de conformité) afin d'assurer la liaison directe et prête pour une enquête forensic nécessitant un engagement rapide avec les forces de l'ordre.";;;;;;;;;;80;;;;;;;;0
71;;69;"Security Incident Management, E-Discovery, & Cloud ForensicsIncident Management";SEF-02;"Des politiques de sécurité et des procédures doivent être établies et des processus opérationnels et des mesures techniques doivent être mis en place pour trier les événements liés à la sécurité et assurer une gestion rapide et approfondie des incidents, conformément aux politiques et procédures de gestion des services informatiques en vigueur.";;;;;;;;;;80;;;;;;;;0
72;;2;"I.14. Business Continuity Management & Operational Resilience";;;;;;;;;;;;80;1;;;;;;;0
73;;72;"Business Continuity Management & Operational ResilienceBusiness Continuity Planning";BCR-01;"Un cadre unifié et cohérent pour des plans de continuité d'activité et l'élaboration de ces plans doit être établi, documenté et adopté afin de garantir la cohérence de tous les plans de continuité d'activité pour répondre aux priorités en matière de test, de maintenance et de sécurité des informations.Les exigences relatives aux plans de continuité d'activité sont les suivantes: • But et portée définis, alignés sur les dépendances pertinentes • Accessible et compris par ceux qui les utiliseront • Appartient à une personne nommée qui est responsable de leur révision, mise à jour et approbation • Lignes de communication, rôles et responsabilités définis • Procédures de récupération détaillées, solutions de rechange manuelles et informations de référence • Méthode d'invocation du plan";;;;;;;;;;80;;;;;;;;0
74;;72;"Business Continuity Management & Operational ResilienceBusiness Continuity Testing";BCR-02;"Les plans de continuité d'activité et d'intervention en cas d'incident de sécurité doivent être soumis à des tests à intervalles réguliers ou en cas de changements organisationnels ou environnementaux significatifs. Les plans de réponse aux incidents doivent impliquer les clients concernés et d'autres relations commerciales qui représentent des dépendances critiques des processus opérationnels intra-chaîne d'approvisionnement.";;;;;;;;;;80;;;;;;;;0
75;;72;"Business Continuity Management & Operational ResilienceDocumentation";BCR-04;"La documentation du système d'information (par exemple, les guides de l'administrateur et de l'utilisateur, ainsi que les diagrammes d'architecture) doit être mise à la disposition du personnel autorisé pour garantir les éléments suivants: • Configuration, installation et exploitation du système d’information • Utilisation efficace les fonctions de sécurité du système.";;;;;;;;;;80;;;;;;;;0
76;;72;"Business Continuity Management & Operational ResilienceEnvironmental Risks";BCR-05;"La protection physique contre les dommages causés par des causes naturelles et les catastrophes, ainsi que contre les attaques délibérées comme les incendies, inondations, décharges électriques atmosphériques, tempête géomagnétique causée par le soleil, vent, séisme, tsunami, explosion, accident nucléaire, activité volcanique, risque biologique, troubles civils, glissement de terrain, activité tectonique et autres formes de catastrophe naturelle ou d'origine humaine doivent être anticipés, conçus et suivis de mesures correctives.";;;;;;;;;;80;;;;;;;;0
77;;72;"Business Continuity Management & Operational ResilienceEquipment Maintenance";BCR-07;"Des politiques de sécurité et procédures doivent être établies, des processus opérationnels et des mesures techniques doivent être mis en place pour la maintenance des équipements, afin de garantir la continuité et la disponibilité de l'ativité et du personnel de support.";;;;;;;;;;80;;;;;;;;0
78;;72;"Business Continuity Management & Operational ResilienceImpact Analysis";BCR-09;"Il doit exister une méthode définie et documentée pour déterminer l’impact de toute perturbation de l’organisation (fournisseur de cloud, consommateur de cloud) - qui doit intégrer les éléments suivants: • Identifier les produits et services critiques • Identifiez toutes les dépendances, y compris les processus, les applications, les partenaires commerciaux et les fournisseurs de services tiers. • Comprendre les menaces pesant sur les produits et services critiques • Déterminer les impacts résultant des perturbations planifiées ou non planifiées et leur variation dans le temps • Établir la période maximale tolérable d’interruption • Établir des priorités pour le rétablissement • Établir des objectifs de temps de récupération pour la reprise des produits et services critiques dans leur période de perturbation maximale tolérable • Estimer les ressources nécessaires à la reprise";;;;;;;;;;80;;;;;;;;0
79;;72;"Business Continuity Management & Operational ResiliencePolicy";BCR-10;"Des politiques de sécurité et procédures doivent être établies et des processus opérationnels et des mesures techniques doivent être mis en place pour une gouvernance informatique et une gestion des services appropriées afin de garantir la planification, la mise en œuvre et le support des capacités informatiques de l'organisation, prenant en charge les fonctions métier, les effectifs et / ou les clients, en fonction du secteur et des normes acceptables ( ITIL v4 et COBIT 5...). De plus, les politiques de sécurité et procédures doivent inclure des rôles et des responsabilités définis, appuyés par une formation régulière de la main-d'œuvre.";;;;;;;;;;80;;;;;;;;0
80;;72;"II - Service";;;;;;;;;;;;80;1;;;;;;;0
81;;80;"II.1. Gouvernance & Risk Management";;;;;;;;;;;;80;1;;;;;;;0
82;;81;"Governance and Risk ManagementData Focus Risk Assessments";GRM-02;"Les analyses de risques associées aux exigences de gouvernance des données doivent être effectuées à intervalles planifiés et doivent prendre en compte les éléments suivants:  • Connaissance du lieu où les données sensibles sont stockées et transmises via des applications, des bases de données, des serveurs et une infrastructure réseau ;• Respect des délais de conservation définis et des exigences en matière d'effacement en fin de vie ;• Classification des données et protection contre toute utilisation non autorisée, accès, perte, destruction et falsification.";;;;;;;;;;80;;;;;;;;0
83;;81;"Governance and Risk ManagementManagement Oversight";GRM-03;"Les managers sont responsables de la connaissance et du respect des règles, procédures et normes de sécurité pertinentes pour leur domaine de responsabilité.";;;;;;;;;;80;;;;;;;;0
84;;81;"Governance and Risk ManagementRisk Management Framework";GRM-11;"Les risques doivent être ramenés à un niveau acceptable. Les niveaux d'acceptation fondés sur les critères de risques doivent être établis et documentés conformément à des délais de résolution raisonnables et à l'approbation des parties prenantes.";;;;;;;;;;80;;;;;;;;0
85;;80;"II.2. Audit Assurance & Compliance";;;;;;;;;;;;80;1;;;;;;;0
86;;85;"Audit Assurance & ComplianceInformation System Regulatory Mapping";AAC-03;"Le fournisseur doit créer et maintenir un cadre de contrôle qui intègre les exigences normatives, réglementaires, légales et réglementaires en rapport avec ses besoins opérationnels. Le cadre de contrôle doit être examiné au moins une fois par an pour garantir que les modifications susceptibles d'avoir une incidence sur les processus opérationnels sont prises en compte.";;;;;;;;;;80;;;;;;;;0
87;;80;"II.3. Data Security & Information Lifecycle Management";;;;;;;;;;;;80;1;;;;;;;0
88;;87;"Data Security & Information Lifecycle Management Classification";DSI-01;"Les données et les matériels contenant des données doivent se voir attribuer une classification par le propriétaire des données en fonction du type de données, de leur valeur, sensibilité et criticité pour le fournisseur.";;;;;;;;;;80;;;;;;;;0
89;;87;"Data Security & Information Lifecycle ManagementEcommerce Transactions";DSI-03;"Les données liées au commerce électronique (ecommerce) qui traversent des réseaux publics doivent être classées de manière appropriée et protégées contre les activités frauduleuses, la divulgation non autorisée ou la modification, de manière à éviter les conflits contractuels et la compromission des données.";;;;;;;;;;80;;;;;;;;0
90;;87;"Data Security & Information Lifecycle ManagementHandling / Labeling / Security Policy";DSI-04;"Des politiques de sécurité et procédures doivent être établies pour l'étiquetage, le traitement et la sécurité des données et des matériels contenant des données. Des mécanismes d'héritage d'étiquettes doivent être mis en œuvre pour les matériels agissant comme des conteneurs d'agrégats pour les données.";;;;;;;;;;80;;;;;;;;0
91;;87;"Data Security & Information Lifecycle ManagementNon-Production Data";DSI-05;"Les données de production ne doivent pas être répliquées ni utilisées dans des environnements qui ne sont pas ceux de production. Toute utilisation des données client dans des environnements autres que l'environnement de production requiert une approbation explicite et documentée de tous les clients dont les données sont affectées, et doit respecter toutes les exigences légales et réglementaires en matière d'effacement de données sensibles.";;;;;;;;;;80;;;;;;;;0
92;;80;"II.4. Supply Chain Management, Transparency, and Accountability";;;;;;;;;;;;80;1;;;;;;;0
93;;92;"Supply Chain Management, Transparency, and AccountabilitySupply Chain Metrics";STA-07;"Des politiques et procédures doivent être mises en œuvre pour assurer la révision cohérente des contrats de service (accords de niveau de service, par exemple) entre fournisseurs et clients dans la chaîne d'approvisionnement concernée (en amont / en aval). Les examens doivent être effectués au moins une fois par an et identifier toute non-conformité aux accords établis. Les examens doivent aboutir à des actions visant à résoudre les conflits ou les incohérences au niveau du service résultant de relations de fournisseurs disparates.";;;;;;;;;;80;;;;;;;;0
94;;80;"II.5. IdEntité & Access Management";;;;;;;;;;;;80;1;;;;;;;0
95;;94;"IdEntité & Access ManagementDiagnostic / Configuration Ports Access";IAM-03;"L'accès des utilisateurs aux ports de diagnostic et de configuration doit être limité aux personnes et applications autorisées.";;;;;;;;;;80;;;;;;;;0
96;;94;"IdEntité & Access ManagementPolicies and Procedures";IAM-04;"Des politiques de sécurité et procédures doivent être établies pour stocker et gérer les informations d'identité concernant chaque personne ayant accès à l'infrastructure informatique et pour déterminer leur niveau d'accès. Des politiques doivent également être développées pour contrôler l'accès aux ressources du réseau en fonction de l'identité de l'utilisateur.";;;;;;;;;;80;;;;;;;;0
97;;94;"IdEntité & Access ManagementSegregation of Duties";IAM-05;"Des politiques de sécurité et des procédures d'accès des utilisateurs doivent être établies et des processus opérationnels et des mesures techniques doivent être mis en place afin de restreindre l'accès des utilisateurs conformément à la séparation des tâches définie afin de faire face aux risques opérationnels liés à un conflit d'intérêts entre utilisateurs.";;;;;;;;;;80;;;;;;;;0
98;;94;"IdEntité & Access ManagementSource Code Access Restriction";IAM-06;"L'accès aux applications, programmes ou codes sources d'objets développés par le fournisseur, ou à toute autre forme de propriété intellectuelle, ainsi que l'utilisation de logiciels exclusifs doivent être limités de manière appropriée conformément à la règle du moindre privilège basée sur le rôle et la fonction conformément à l'accès utilisateur établi dans les politiques de sécurité et les procédures.";;;;;;;;;;80;;;;;;;;0
99;;94;"IdEntité & Access ManagementTrusted Sources";IAM-08;"Une politique et des procédures sont établies pour le stockage autorisé et l'accès des identités utilisées pour l'authentification afin de garantir que les identités ne sont accessibles que sur la base de règles de moindre privilège et d'une limitation de la réplication réservée aux utilisateurs explicitement définis comme nécessaires à l'entreprise.";;;;;;;;;;80;;;;;;;;0
100;;94;"IdEntité & Access ManagementUser Access Authorization";IAM-09;"Le provisionnement de l'accès des utilisateurs (employés, sous-traitants, clients, partenaires commerciaux et / ou relations fournisseurs) aux applications de données et aux applications, aux systèmes et aux composants de réseau (physiques et virtuels) détenus et gérés par le fournisseur est autorisé par celui-ci avant que l'accès ne soit accordé et restreint de manière appropriée, conformément aux politiques et procédures établies. Sur demande, le fournisseur doit informer le client  de cet accès utilisateur, en particulier si les données du client sont utilisées dans le cadre du service et / ou si le client a une responsabilité partagée sur la mise en œuvre du contrôle.";;;;;;;;;;80;;;;;;;;0
101;;94;"IdEntité & Access ManagementUser Access Revocation";IAM-11;"La modification en temps voulu (révocation ou modification) de l'accès des utilisateurs aux données et aux applications, systèmes d'infrastructure et composants de réseau appartenant à l'entreprise ou gérés (physiques et virtuels) doit être mis en œuvre conformément aux règles et procédures établies et en fonction du changement de statut de l'utilisateur. (p. ex. cessation d'emploi ou autre relation d'affaires, changement d'emploi ou mutation). Sur demande, le fournisseur doit informer le client (locataire) de ces modifications, en particulier si les données du client sont utilisées dans le cadre du service et / ou si le client a une responsabilité partagée en ce qui concerne la mise en œuvre du contrôle.";;;;;;;;;;80;;;;;;;;0
102;;94;"IdEntité & Access ManagementUser ID Credentials";IAM-12;"Les informations d'identification internes du compte utilisateur du fournisseur ou du client doivent être limitées de la manière suivante, afin de garantir la gestion appropriée des identités, des droits et des accès, et conformément aux politiques de sécurité et procédures en vigueur: • Vérification de la fiabilité de l'identité et interopérabilité du traitement de l'information entre applications (API) et services de traitement de l'information (SSO par exemple). • Gestion du cycle de vie des identifiants de compte de l’instanciation à la révocation • Minimisation ou réutilisation des informations d'identification du compte et / ou du magasin d'identité lorsque cela est possible; • Respect des règles d’authentification, d’autorisation et de comptabilité (normes AAA) acceptables par le secteur et / ou conformes à la réglementation (secrets d’authentification forts / multifactoriels, expirables et non partagés, par exemple)";;;;;;;;;;80;;;;;;;;0
103;;94;"IdEntité & Access ManagementUtility Programs Access";IAM-13;"Les programmes utilitaires capables de contourner potentiellement les contrôles du système, des objets, du réseau, des machines virtuelles et des applications doivent être limités.";;;;;;;;;;80;;;;;;;;0
104;;80;"II.6. Human Resources";;;;;;;;;;;;80;1;;;;;;;0
105;;104;"Human ResourcesMobile Device Management";HRS-05;"Des politiques de sécurité et des procédures doivent être établies et des processus techniques et des mesures techniques doivent être mis en place afin de gérer les risques commerciaux liés à l’autorisation des périphériques mobiles d’accéder aux ressources de l'entreprise (formation à la sécurité, renforcement de l’identité, des droits et des contrôles d’accès et surveillance des périphériques)";;;;;;;;;;80;;;;;;;;0
106;;104;"Human ResourcesNon-Disclosure Agreements";HRS-06;"Les exigences en matière d'accords de non-divulgation ou de confidentialité reflétant les besoins du fournisseur en matière de protection des données et des détails opérationnels doivent être identifiées, documentées et revues à intervalles réguliers.";;;;;;;;;;80;;;;;;;;0
107;;104;"Human ResourcesTechnology Acceptable Use";HRS-08;"Des politiques de sécurité et procédures doivent être établies et des processus opérationnels et des mesures techniques doivent être mis en place pour définir les droits et conditions permettant d'utiliser des périphériques d'utilisateurs finaux  déténus ou gérés par le fournisseur (stations de travail, ordinateurs portables et périphériques mobiles, par exemple) et l'infrastructure informatique,  composants réseau et systèmes. La définition des droits et des conditions permettant l'utilisation des appareils mobiles personnels et des applications associées avec accès aux ressources de l'entreprise (par exemple, BYOD) doit également être prise en compte et intégrée le cas échéant.";;;;;;;;;;80;;;;;;;;0
108;;104;"Human ResourcesTraining / Awareness";HRS-09;"Un programme de formation à la sensibilisation à la sécurité doit être mis en place pour tous les sous-traitants, utilisateurs tiers et employés du fournisseur, et mandaté le cas échéant. Toutes les personnes ayant accès aux données organisationnelles doivent recevoir une formation de sensibilisation appropriée et des mises à jour régulières des procédures, processus et politiques de l'organisation relatifs à leurs fonctions professionnelles par rapport à l'organisation.";;;;;;;;;;80;;;;;;;;0
109;;80;"II.7. Encryption & Key Management";;;;;;;;;;;;80;1;;;;;;;0
110;;109;"Encryption & Key ManagementEntitlement";EKM-01;"Les clés doivent avoir des propriétaires identifiables (clés de liaison aux identités) et il doit y avoir des stratégies de gestion des clés.";;;;;;;;;;80;;;;;;;;0
111;;109;"Encryption & Key ManagementKey Generation";EKM-02;"Des politiques de sécurité et des procédures doivent être établies pour la gestion des clés cryptographiques dans le cryptosystème du service (par exemple, gestion du cycle de vie de la génération à la révocation et au remplacement, infrastructure de clé publique, conception de protocole cryptographique et algorithmes utilisés, contrôles d'accès en place pour la génération sécurisée de clés, échange et  stockage comprenant la séparation des clés utilisées pour les données cryptées ou les sessions). Sur demande, le fournisseur doit informer le client des modifications apportées au cryptosystème, en particulier si les données du client sont utilisées dans le cadre du service et / ou si le client a une responsabilité partagée en ce qui concerne la mise en œuvre du contrôle.";;;;;;;;;;80;;;;;;;;0
112;;109;"Encryption & Key ManagementSensitive Data Protection";EKM-03;"Des politiques de sécurité et des procédures doivent être établies et des processus techniques et des mesures techniques doivent être mis en place pour l'utilisation de protocoles de chiffrement à des fins de  protection des données sensibles stockées (serveurs de fichiers, bases de données et postes de travail des utilisateurs finaux), des données utilisées (mémoire) et les données en cours de transmission (par exemple, interfaces système, sur des réseaux publics et dans la messagerie électronique) conformément aux obligations de conformité légales, réglementaires et réglementaires applicables.";;;;;;;;;;80;;;;;;;;0
113;;109;"Encryption & Key ManagementStorage and Access";EKM-04;"Un chiffrement approprié à la plate-forme et aux données (par exemple, AES-256) dans des formats ouverts / validés et des algorithmes standard doit être requis. Les clés ne doivent pas être stockées dans le cloud (c'est-à-dire chez le fournisseur en question), mais maintenues par le consommateur du cloud ou le fournisseur de gestion de clés de confiance. La gestion des clés et leur utilisation doivent être des tâches séparées.";;;;;;;;;;80;;;;;;;;0
114;;80;"II.8. Application & Interface Security";;;;;;;;;;;;80;1;;;;;;;0
115;;114;"Application & Interface SecurityApplication Security";AIS-01;"Les applications et interfaces de programmation (API) doivent être conçues, développées, déployées et testées conformément aux normes de l'industrie (par exemple, OWASP pour les applications Web) et conformes aux obligations légales, réglementaires ou en matière de conformité.";;;;;;;;;;80;;;;;;;;0
116;;114;"Application & Interface SecurityData Integrity";AIS-03;"Des vérifications d'intégrité d'entrée et de sortie des données (c'est-à-dire des contrôles de rapprochement et d'édition) doivent être mises en œuvre pour les interfaces d'application et les bases de données afin d'éviter les erreurs de traitement manuel ou systématique, la corruption des données ou l'utilisation abusive.";;;;;;;;;;80;;;;;;;;0
117;;80;"II.9. Interoperability & Portability";;;;;;;;;;;;80;1;;;;;;;0
118;;117;"Interoperability & PortabilityData Request";IPY-02;"Toutes les données structurées et non structurées doivent être disponibles pour le client et lui être fournies sur demande dans un format standard (par exemple, .doc, .xls, .pdf, logs et flat files).";;;;;;;;;;80;;;;;;;;0
119;;80;"II.10. Change Control & Configuration Management";;;;;;;;;;;;80;1;;;;;;;0
120;;119;"Change Control & Configuration ManagementOutsourced Development";CCC-02;"Les partenaires commerciaux externes doivent adhérer aux mêmes règles et procédures en matière de gestion, de validation et de test des modifications que les développeurs internes du fournisseur (processus de gestion des services ITIL, par exemple).";;;;;;;;;;80;;;;;;;;0
121;;119;"Change Control & Configuration ManagementQuality Testing";CCC-03;"Le fournisseur doit suivre un processus de contrôle de qualité et de test défini pour les changements (par exemple, Gestion de services ITIL) avec des tests et des normes de publication bien établies qui se concentrent sur la disponibilité, la confidentialité et l’intégrité des systèmes et des services.";;;;;;;;;;80;;;;;;;;0
122;;119;"Change Control & Configuration ManagementUnauthorized Software Installations";CCC-04;"Des politiques de sécurité et procédures doivent être établies et des processus opérationnels et des mesures techniques doivent être mis en place pour limiter l'installation de logiciels non autorisés sur les périphériques détenus ou gérés par l'organisation (stations de travail, ordinateurs portables et périphériques mobiles, par exemple) et le réseau d'infrastructure informatique.";;;;;;;;;;80;;;;;;;;0
123;;80;"II.11. Mobile Security";;;;;;;;;;;;80;1;;;;;;;0
124;;123;"Mobile SecurityCloud Based Services";MOS-06;"Tous les services en cloud utilisés par les appareils mobiles ou le BYOD du fournisseur doivent être préalablement approuvés pour l'utilisation et le stockage des données commerciales de l'entreprise.";;;;;;;;;;80;;;;;;;;0
125;;123;"Mobile SecurityCompatibility";MOS-07;"Le fournisseur doit disposer d’un processus documenté de validation des applications permettant de tester les problèmes de compatibilité des appareils mobiles, des systèmes d’exploitation et des applications.";;;;;;;;;;80;;;;;;;;0
126;;123;"Mobile SecurityDevice Eligibility";MOS-08;"La politique BYOD doit définir le dispositif et les conditions d'éligibilité permettant l'utilisation du BYOD.";;;;;;;;;;80;;;;;;;;0
127;;123;"Mobile SecurityDevice Inventory";MOS-09;"Un inventaire de tous les appareils mobiles utilisés pour stocker et accéder aux données du fournisseur doit être tenu et maintenu. Toutes les modifications apportées au statut de ces périphériques (c'est-à-dire les niveaux de système d'exploitation et de correctifs, le statut perdu ou désactivé, et à qui le périphérique est attribué ou approuvé pour utilisation (BYOD) seront incluses pour chaque périphérique de l'inventaire.";;;;;;;;;;80;;;;;;;;0
128;;123;"Mobile SecurityDevice Management";MOS-10;"Une solution centralisée de gestion des appareils mobiles doit être déployée sur tous les appareils mobiles autorisés à stocker, transmettre ou traiter les données des clients.";;;;;;;;;;80;;;;;;;;0
129;;123;"Mobile SecurityEncryption";MOS-11;"La stratégie relative aux appareils mobiles exige l'utilisation du chiffrement pour l'ensemble de l'appareil ou pour les données identifiées comme sensibles sur tous les appareils mobiles, et doit être appliquée au moyen de contrôles technologiques.";;;;;;;;;;80;;;;;;;;0
130;;123;"Mobile SecurityJailbreaking and Rooting";MOS-12;"La stratégie relative aux appareils mobiles doit interdire le contournement des contrôles de sécurité intégrés sur les appareils mobiles (par exemple, le jailbreak ou le rooting) et doit faire respecter l’interdiction au moyen de contrôles de détection et de prévention sur l’appareil ou par un système de gestion centralisée des appareils (par exemple, la gestion des appareils mobiles).";;;;;;;;;;80;;;;;;;;0
131;;123;"Mobile SecurityLegal";MOS-13;"La politique de BYOD comprend des clarifications sur le libellé des attentes en matière de confidentialité, des exigences en matière de litige et de suspensions légales. La politique BYOD doit clairement énoncer les attentes concernant la perte de données non liées à la société dans le cas où un effacement de l'appareil est requis.";;;;;;;;;;80;;;;;;;;0
132;;123;"Mobile SecurityLockout Screen";MOS-14;"Les appareils BYOD et / ou appartenant à l'entreprise sont configurés pour exiger un verrouillage automatique, et cette exigence doit être appliquée au moyen de contrôles techniques.";;;;;;;;;;80;;;;;;;;0
133;;123;"Mobile SecurityOperating Systems";MOS-15;"Les modifications apportées aux systèmes d'exploitation, aux niveaux de correctifs et / ou aux applications des appareils mobiles doivent être gérées via les processus de gestion des changements du fournisseur.";;;;;;;;;;80;;;;;;;;0
134;;123;"Mobile SecurityPasswords";MOS-16;"Les stratégies de mot de passe, applicables aux appareils mobiles, doivent être documentées et appliquées au moyen de contrôles techniques sur tous les appareils du fournisseur ou ceux approuvés pour une utilisation BYOD, et doivent interdire la modification des longueurs de mot de passe / PIN et des exigences d'authentification.";;;;;;;;;;80;;;;;;;;0
135;;123;"Mobile SecurityPolicy";MOS-17;"La stratégie relative aux appareils mobiles oblige l'utilisateur BYOD à effectuer des sauvegardes de données, à interdire l'utilisation de store d'applications non approuvés et à utiliser un logiciel anti-programme malveillant (le cas échéant).";;;;;;;;;;80;;;;;;;;0
136;;123;"Mobile SecurityRemote Wipe";MOS-18;"Tout appareil mobiles autorisé à être utilisé via le programme BYOD du fournisseur ou tout appareil mobile attribué par celui-ci doit permettre l'effacement des données à distance par le service informatique de l'entreprise, ou doit faire effacer toutes les données fournies par l'entreprise par le système informatique de l'entreprise.";;;;;;;;;;80;;;;;;;;0
137;;123;"Mobile SecuritySecurity Patches";MOS-19;"Les appareils mobiles se connectant aux réseaux du fournisseur, ou stockant et accédant aux informations du fournisseur, doivent permettre la validation de la version / du correctif logiciel à distance. Les correctifs de sécurité les plus récents disponibles doivent être installés sur tous les appareils mobiles lors de leur publication générale par le fabricant ou le transporteur de l'appareil. Le personnel informatique autorisé doit être en mesure d'effectuer ces mises à jour à distance.";;;;;;;;;;80;;;;;;;;0
138;;123;"Mobile SecurityUsers";MOS-20;"La politique BYOD doit clarifier les systèmes et les serveurs autorisés à être utilisés ou à être utilisés sur un appareil compatible BYOD.";;;;;;;;;;80;;;;;;;;0
139;;80;"II.12. Infrastructure & Virtualization Security";;;;;;;;;;;;80;1;;;;;;;0
140;;139;"Infrastructure & Virtualization SecurityAudit Logging / Intrusion Detection";IVS-01;"Des niveaux d’assurance plus élevés sont nécessaires pour la protection, la conservation et la gestion du cycle de vie des journaux d’audit, pour le respect des obligations légales, légales ou réglementaires en matière de conformité et pour la responsabilisation unique de l’accès des utilisateurs afin de détecter les comportements réseau potentiellement suspects et / ou les anomalies d’intégrité de fichiers, ainsi que fournir des capacités d'investigation forensics en cas d'atteinte à la sécurité.";;;;;;;;;;80;;;;;;;;0
141;;139;"Infrastructure & Virtualization SecurityClock Synchronization";IVS-03;"Une source de synchronisation de temps externe fiable et mutuellement convenue doit être utilisée pour synchroniser les horloges système de tous les systèmes de traitement de l'information pertinents afin de faciliter le traçage et la reconstitution des calendriers d'activité.";;;;;;;;;;80;;;;;;;;0
142;;139;"Infrastructure & Virtualization SecurityVulnerability Management";IVS-05;"Les intégrateurs doivent s'assurer que les outils ou services d'évaluation des vulnérabilités de sécurité sont compatibles avec les technologies de virtualisation utilisées (par exemple, sensibles à la virtualisation).";;;;;;;;;;80;;;;;;;;0
143;;139;"Infrastructure & Virtualization SecurityNetwork Security";IVS-06;"Les environnements de réseau et les instances virtuelles doivent être conçus et configurés pour limiter et surveiller le trafic entre les connexions approuvées et non sécurisées. Ces configurations doivent être revues au moins une fois par an et étayées par une justification documentée de l'utilisation de tous les services, protocoles et ports autorisés, ainsi que par des contrôles compensatoires.";;;;;;;;;;80;;;;;;;;0
144;;139;"Infrastructure & Virtualization SecurityOS Hardening and Base Controls";IVS-07;"Chaque système d'exploitation doit être renforcé pour ne fournir que les ports, protocoles et services nécessaires pour répondre aux besoins du fournisseur. Des contrôles techniques sont également en place, tels antivirus, surveillance de l'intégrité des fichiers et journalisation dans le cadre de la norme ou du modèle de construction.";;;;;;;;;;80;;;;;;;;0
145;;139;"Infrastructure & Virtualization SecurityProduction / Non-Production Environments";IVS-08;"Les environnements de production et de non-production doivent être séparés pour empêcher tout accès non autorisé ou toute modification des actifs informationnels. La séparation des environnements peut inclure: des pare-feux à états, des sources d'authentification de domaine / realm, et une séparation claire des tâches pour le personnel accédant à ces environnements dans le cadre de ses tâches.";;;;;;;;;;80;;;;;;;;0
146;;139;"Infrastructure & Virtualization SecurityVM Security - Data Protection";IVS-10;"Des canaux de communication sécurisés et chiffrés doivent être utilisés lors de la migration de serveurs physiques, d'applications ou de données vers des serveurs virtualisés et, dans la mesure du possible, doivent utiliser un réseau séparé des réseaux de production pour ces migrations.";;;;;;;;;;80;;;;;;;;0
147;;139;"Infrastructure & Virtualization SecurityWireless Security";IVS-12;"Des politiques de sécurité et procédures doivent être établies et des processus techniques et des mesures techniques doivent être mis en place pour protéger les environnements de réseau sans fil, notamment: • Les pare-feu de périmètre mis en place et configurés pour limiter le trafic non autorisé • Paramètres de sécurité activés avec un chiffrement renforcé pour l'authentification et la transmission, remplaçant les paramètres par défaut du fournisseur (clés de chiffrement, mots de passe et chaînes de communauté SNMP...). • Accès des utilisateurs aux périphériques de réseau sans fil limité au personnel autorisé • La capacité de détecter la présence de périphériques réseau sans fil non autorisés pour une déconnexion rapide du réseau";;;;;;;;;;80;;;;;;;;0
148;;139;"Infrastructure & Virtualization SecurityNetwork Architecture";IVS-13;"Les diagrammes d'architecture de réseau doivent identifier clairement les environnements à haut risque et les flux de données pouvant avoir des incidences sur la conformité légale. Des mesures techniques doivent être mises en œuvre et appliquer des techniques de défense en profondeur (analyse approfondie des paquets, limitation du trafic et black-holing...) pour détecter les attaques basées sur le réseau associées à des modèles de trafic anormaux ou sortant (par exemple les des attaques par usurpation d'identité MAC et ARP) et / ou attaques par déni de service (DDoS).";;;;;;;;;;80;;;;;;;;0
149;;80;"II.13. Datacenter Security";;;;;;;;;;;;80;1;;;;;;;0
150;;149;"Datacenter SecurityOff-Site Authorization";DCS-04;"Une autorisation doit être obtenue avant de déplacer ou de transférer du matériel, des logiciels ou des données dans des locaux extérieurs.";;;;;;;;;;80;;;;;;;;0
151;;149;"Datacenter SecuritySecure Area Authorization";DCS-07;"Les entrées et sorties vers les zones sécurisées doivent être restreintes et surveillées par des mécanismes de contrôle d'accès physique afin de garantir que seul le personnel légitime est autorisé à accéder.";;;;;;;;;;80;;;;;;;;0
152;;149;"Datacenter SecurityUnauthorized Persons Entry";DCS-08;"Les points d'entrée et de sortie, tels que les zones de service et autres endroits où du personnel non autorisé peut pénétrer dans les locaux, doivent être surveillés, contrôlés et, si possible, isolés des installations de stockage et de traitement des données afin d'empêcher toute corruption, compromission et perte de données non autorisées.";;;;;;;;;;80;;;;;;;;0
153;;80;"II.14. Threat and Vulnerability Management";;;;;;;;;;;;80;1;;;;;;;0
154;;153;"Threat and Vulnerability ManagementAnti-Virus / Malicious Software";TVM-01;"Des politiques de sécurité et procédures doivent être établies et les processus opérationnels et techniques mis en œuvre doivent être mis en place afin d'empêcher l'exécution de logiciels malveillants sur les périphériques des utilisateurs finaux détenus ou gérés par le fournisseur (par exemple, stations de travail, ordinateurs portables et périphériques mobiles émis, les réseaux d'infrastructure informatique et composants de systèmes).";;;;;;;;;;80;;;;;;;;0
155;;153;"Threat and Vulnerability ManagementVulnerability / Patch Management";TVM-02;"Des politiques de sécurité et des procédures doivent être établies, et des processus et des mesures techniques doivent être mis en place, pour permettre la détection rapide des vulnérabilités dans les applications, le réseau d'infrastructures et les composants système détenus ou gérés par l'organisation  (par exemple, évaluation de la vulnérabilité du réseau, tests d'intrusion) afin de garantir l'efficacité de la sécurité mise en œuvre. Un modèle basé sur les risques pour hiérarchiser la correction des vulnérabilités identifiées doit être utilisé. Les changements doivent être gérées via un processus de gestion des changements pour tous les correctifs fournis par le distributeur, les modifications de configuration ou les modifications apportées au logiciel développé en interne par l'organisation. Sur demande, le fournisseur informe le client des politiques et procédures et des faiblesses identifiées, en particulier si les données du client sont utilisées dans le cadre du service et / ou si le client a une responsabilité partagée sur la mise en œuvre du contrôle.";;;;;;;;;;80;;;;;;;;0
156;;153;"Threat and Vulnerability ManagementMobile Code";TVM-03;"Des politiques de sécurité et des procédures doivent être établies, et des processus opérationnels et des mesures techniques doivent être mis en place afin d'empêcher l'exécution de code mobile non autorisé, défini comme un logiciel transféré entre systèmes sur un réseau sécurisé ou non sécurisé, et exécuté sur un système local sans installation ou exécution explicite par le système destinataire, sur des périphériques d'utilisateurs finaux détenus ou gérés par le fournisseur (par exemple, des stations de travail distribuées, des ordinateurs portables et des périphériques mobiles), et sur le réseau d'infrastructures ou les composants du système.";;;;;;;;;;80;;;;;;;;0
157;;80;"II.15. Security Incident Management, E-Discovery, & Cloud Forensics";;;;;;;;;;;;80;1;;;;;;;0
158;;157;"Security Incident Management, E-Discovery, & Cloud ForensicsIncident Reporting";SEF-03;"Le personnel et les relations commerciales externes doivent être informés de leurs responsabilités et, si nécessaire, consentir et / ou convenir, par contrat, de signaler rapidement tout événement lié à la sécurité de l'information. Les événements liés à la sécurité de l'information doivent être signalés en temps voulu via des canaux de communication prédéfinis, dans le respect des obligations de conformité légales, statutaires ou réglementaires applicables.";;;;;;;;;;80;;;;;;;;0
159;;157;"Security Incident Management, E-Discovery, & Cloud ForensicsIncident Response Legal Preparation";SEF-04;"Des procédures forensic appropriées, y compris la chaîne de traçabilité, sont nécessaires pour la présentation des preuves à l'appui des actions en justice potentielles soumises à la juridiction concernée après un incident de sécurité des informations. Dès notification, les clients et / ou d’autres partenaires commerciaux externes concernés par une atteinte à la sécurité seront invités à participer conformément à la législation en vigueur dans le cadre de l’investigation forensics.";;;;;;;;;;80;;;;;;;;0
160;;157;"Security Incident Management, E-Discovery, & Cloud ForensicsIncident Response Metrics";SEF-05;"Des mécanismes doivent être mis en place pour surveiller et quantifier les types, les volumes et les coûts des incidents de sécurité de l'information.";;;;;;;;;;80;;;;;;;;0
161;;80;"II.16. Business Continuity Management & Operational Resilience";;;;;;;;;;;;80;1;;;;;;;0
162;;161;"Business Continuity Management & Operational ResilienceDatacenter Utilities / Environmental Conditions";BCR-03;"Les services sensibles des centres d'hébergement de données et les conditions environnementales (par exemple, eau, électricité, contrôle de la température et de l'humidité, télécommunications et connexion Internet) doivent être sécurisés, surveillés, maintenus et testés pour assurer une efficacité continue à des intervalles planifiés afin d'assurer une protection contre les interceptions et les dommages non autorisés, et conçu avec basculement automatique ou autres redondances en cas de perturbations planifiées ou non.";;;;;;;;;;80;;;;;;;;0
163;;161;"Business Continuity Management & Operational ResilienceEquipment Location";BCR-06;"Afin de réduire les risques liés aux menaces environnementales, aux dangers et aux possibilités d'accès non autorisé, les équipements doivent être tenus à l'écart des lieux soumis à des risques environnementaux de probabilité élevée et complétés par des équipements redondants situés à une distance raisonnable.";;;;;;;;;;80;;;;;;;;0
164;;161;"Business Continuity Management & Operational ResilienceEquipment Power Failures";BCR-08;"Des mesures de protection doivent être mises en place pour réagir aux menaces naturelles et créées par l'homme, sur la base d'une évaluation d'impacts sur le géographique.";;;;;;;;;;80;;;;;;;;0
165;;161;"Business Continuity Management & Operational ResilienceRetention Policy";BCR-11;"Des politiques de  sécurité et procédures doivent être établies et des processus opérationnels et des mesures techniques doivent être mis en place pour définir et respecter la période de conservation de tout actif essentiel conformément aux politiques et procédures établies, ainsi qu'aux obligations légales ou réglementaires en matière de conformité. Les mesures de sauvegarde et de restauration doivent être intégrées à la planification de la continuité des activités et testées en conséquence pour en vérifier l'efficacité.";;;;;;;;;;80;;;;;;;;0
